model,ROC_AUC,Average_Precision
Tree depth=12,0.8203078188100758,0.609649086634802
Tree depth=2,0.8646572388673333,0.5639264687397029
Tree depth=4,0.9052390511151284,0.7165978096557849
Tree depth=6,0.8824535039758675,0.6962390141993927
Tree depth=8,0.8557749891869711,0.6893840693281814
